GEOID,year,voteshare,CnP_distance_miles,CnP_distance_log,M1_distance_miles,WHITE,INCOME10K,POPULATION100K,BA,M1_distance_log,proximity
12011,2024,58.010906317499845,47.335804271435045,3.857266970488268,1.4942071408169333,42.635501177466836,7.0834,19.62531,21.146554328161386,0.4015957255716574,2.6641957285649553
12086,2024,43.903921470060006,19.97891594882094,2.9946775149326843,35.890010379791384,36.90397632141857,6.6952,26.86867,19.546899399935,3.5804589943707135,30.02108405117906
12086,2024,43.903921470060006,29.215649812923083,3.374704518200358,35.890010379791384,36.90397632141857,6.6952,26.86867,19.546899399935,3.5804589943707135,30.02108405117906
12087,2024,40.45524273596824,39.06543032936044,3.665237941114656,72.55443364156073,72.56842619745846,7.9459,0.80614,21.87893616713237,4.28433708899378,10.934569670639561
13281,2024,18.65806743607151,49.365795352401726,3.8992577825998165,41.807661402903086,93.5395242954706,5.9273,0.13035,16.6367552045944,3.7330796098864645,0.6342046475982741
15001,2024,62.981297465679816,20.017952456178087,2.996629493740459,126.03065282863093,31.13302959486263,7.1143,2.07615,17.97855251161377,4.836525153782275,29.982047543821913
15009,2024,61.85903041673954,33.79202870629008,3.5202249375830235,0.7956350483901165,30.980611302784393,8.9794,1.64183,18.941074950690336,-0.2286146801946909,16.207971293709917
16043,2024,14.02322504777304,47.90000248891532,3.869115556377522,62.882328822828256,88.83293190278081,6.1115,0.14196,15.823880023072487,4.141265183421591,2.0999975110846805
16065,2024,15.936186142947648,47.497491648533256,3.860676902246936,39.87706967273572,88.13318899548322,5.2224,0.54547,13.401601803790781,3.6858014637764924,2.5025083514667443
16081,2024,51.70200059719319,25.310402222630124,3.231215466277069,61.521757661968124,82.36509379390134,9.558,0.12549,31.587438158743815,4.119390895367413,24.689597777369876
17005,2024,26.49230384182205,44.18163189442092,3.7883091347118145,50.3989809919195,88.80134720635111,6.6071,0.1645,11.075158111486983,3.9199709564586325,5.818368105579083
17013,2024,20.8955223880597,45.75915694332544,3.8233919234605143,34.37808623685114,94.93871992737176,6.8525,0.04317,12.482188657737247,3.537419333392293,4.2408430566745565
17027,2024,23.12532501300052,40.909837913231506,3.7113705699004957,50.74368542457122,91.35748936285536,7.9612,0.36785,16.78360349773615,3.926787185048846,9.090162086768494
17031,2024,69.63225487786637,33.32630102005459,3.5063469056644454,10.626309264560486,46.4474223130341,7.6614,50.87072,23.883080763523147,2.363332932118727,16.673698979945407
17083,2024,24.080725158200785,33.25315050543975,3.5041495146564725,24.20234728076223,95.33652043494563,7.2363,0.21091,13.114754098360656,3.1864496235317423,16.74684949456025
17117,2024,29.421558164354323,46.245605729962094,3.8339664482005174,41.22723296806591,94.61248485392451,6.988,0.44018,13.209897514297039,3.7190990323654516,3.7543942700379063
17119,2024,42.33873391848022,20.66501331115104,3.0284420921033885,24.892824096366745,84.00074065396723,6.7441,2.62752,18.612356547409785,3.214579573035327,29.33498668884896
17133,2024,30.968328389627786,23.824327065970607,3.170707204271303,32.851231085538025,96.12799908490376,10.0487,0.34957,22.90381791483113,3.491989220196085,26.175672934029393
17157,2024,24.147073187748553,43.784695008880554,3.7792843272968626,39.852101041363106,86.91858536261695,6.2575,0.29815,9.352607898683553,3.6851751275945093,6.215304991119446
17163,2024,52.877577899668225,17.1859615300041,2.8440928604388636,29.12204321831826,61.15544181774651,6.7185,2.51018,16.76285495011512,3.37149538633123,32.8140384699959
17189,2024,20.682359164242264,45.52013082379406,3.8181546637988766,42.41968911356684,95.5854407250402,7.1958,0.13536,15.356151711378354,3.7476126203394506,4.479869176205938
17197,2024,49.71673117544352,47.47031118305624,3.860104487904206,22.082207357304632,65.0321426014747,9.7076,7.00728,21.571268449359042,3.094772187304558,2.529688816943761
18073,2024,22.04600025274864,42.597575120223496,3.7517973295947216,36.467088466790564,88.89993373094765,7.5738,0.33535,11.844789704959197,3.59641016798388,7.402424879776504
18089,2024,52.05701714618398,18.479321492933472,2.9166523497891452,33.18754342116551,57.226196917773905,6.6169,5.00598,15.852670003190092,3.5021746073603377,31.520678507066528
18091,2024,42.073055327739574,19.23456808519033,2.956709081322065,0.014927363138174865,79.21812717917621,6.6336,1.11706,13.868414487560385,-4.204559298020939,30.76543191480967
18099,2024,27.38381307837824,48.12945610199104,3.873894382648445,28.192694555130576,90.10924824229313,7.0938,0.46352,12.365977751588145,3.3390628860539597,1.870543898008961
18111,2024,20.75443114679594,49.814740072719,3.908310925631535,27.16780566630278,89.15506169276283,6.6837,0.1396,9.319323892188214,3.3020326570667953,0.1852599272810025
18127,2024,43.795972648848405,9.008218065980012,2.1981372791394063,17.318107154646434,85.14039621016364,8.4352,1.75335,18.041565633996793,2.851752610478833,40.99178193401999
18131,2024,22.210654173173694,46.00374739560667,3.8287228582928763,35.19350191412005,92.2675026123302,6.0487,0.12385,8.5646720131606,3.5608614608500053,3.9962526043933266
18141,2024,49.82269023578138,41.58005427890175,3.727620587837907,13.546686240080003,72.13967583115044,6.1028,2.72848,18.50889657581107,2.6061419594888684,8.419945721098252
18149,2024,23.24871158618057,33.78289610568487,3.5199546420351937,19.177727519143744,94.08583690987125,5.8523,0.23206,8.34213892442022,2.9537495806393017,16.21710389431513
21001,2024,14.007131713839982,47.102604081002035,3.85232828783802,57.6300770707175,91.32309633992428,4.4153,0.19264,9.82605841811618,4.054044602784441,2.8973959189979652
21003,2024,15.980038224676152,31.47306151876168,3.4491319900675252,23.059349423118135,95.36830091778022,6.1655,0.21788,9.602076124567475,3.1380713020889965,18.52693848123832
21009,2024,23.05322694677305,19.54658077230927,2.9728003745781177,26.523542357221203,88.81352137900157,5.0658,0.45008,10.361127422196125,3.2780327294451332,30.45341922769073
21027,2024,20.28264331210191,42.51508256788468,3.7498588969241844,24.93842839382818,94.41173631888815,5.24,0.21124,8.933017928286853,3.216409922782297,7.484917432115317
21031,2024,16.23759044253744,30.370690477992312,3.413478014327438,18.98304185514865,93.98690697486462,5.0824,0.12375,4.958938723941882,2.943546046681318,19.629309522007688
21057,2024,14.032539221382917,49.684221032902926,3.905687398446364,58.646172627268044,93.10692669804976,4.8864,0.06,8.683473389355742,4.071522315123007,0.3157789670970743
21061,2024,17.896590363374422,6.00085014767692,1.7919011504702804,15.074071119904113,94.91954586294209,5.1402,0.12448,5.226586102719033,2.71297612346137,43.99914985232308
21085,2024,18.478710210830922,21.225879784582585,3.0552211817309507,28.02615242106745,95.82863161062212,5.213,0.26825,7.4012023258105835,3.333138089292698,28.774120215417415
21087,2024,13.35154515963804,32.01368416510386,3.4661634415515037,39.81888645515762,95.88579535378614,4.6169,0.11468,8.243606998654105,3.6843413337839026,17.98631583489614
21093,2024,34.466120377688114,35.5077866043711,3.569752013397857,2.8153120178109186,76.67246886552059,6.192,1.12273,14.146452051688959,1.0350730965898745,14.492213395628902
21099,2024,19.526697585919848,15.099354588918114,2.7146520004516397,30.61866147145146,91.34052388289676,4.7229,0.19724,5.688073394495413,3.4216096750823874,34.90064541108188
21123,2024,19.13486706157873,33.70650551989427,3.517690860861442,19.969217636773983,91.30290125099813,5.3939,0.15303,7.278045423262217,2.9941919697335972,16.29349448010573
21141,2024,21.85276956278475,47.91674992735463,3.869465128622198,28.979354125826617,89.42699505968051,5.6823,0.28283,10.15854932118105,3.3665836497506882,2.08325007264537
21169,2024,17.242051882192317,31.060662553852787,3.435942148911342,42.96596333492123,94.10913999228693,4.4973,0.10482,6.747536012130402,3.7604082519015005,18.939337446147213
21171,2024,10.851544837980406,40.63882249753568,3.704723828872512,44.0610015007425,93.55893267361725,4.5872,0.11306,6.089669516986365,3.785575071500398,9.361177502464322
21183,2024,19.14601810368474,43.61529314932767,3.7754078491586545,19.391500263424465,92.68899763752954,5.0275,0.23626,7.585096340718529,2.964834839310645,6.38470685067233
21213,2024,27.381494986326345,40.76330900262476,3.707782387655685,22.796214134380506,84.4940867279895,5.855,0.20195,9.257301440465177,3.1265944754354122,9.236690997375241
21217,2024,21.009705570508117,45.594054933818875,3.81977733376252,43.42706620252368,90.01335622972715,5.2414,0.26443,12.687969924812032,3.7710828919399333,4.4059450661811255
21227,2024,37.02694626566592,21.881085202152647,3.085622574228445,3.2658373885702856,77.66759482075479,6.0651,1.42229,18.934399756825044,1.1835162041386,28.118914797847353
23009,2024,54.663062367252365,18.227947843862946,2.9029560120777567,60.305771730438934,93.91626845446116,6.3879,0.56526,23.514719381764618,4.099427816075269,31.772052156137054
23013,2024,58.22423048700421,40.20643945715513,3.6940271682980192,58.81743113046672,94.65736661771903,6.5615,0.40977,23.47664433887102,4.074438258769669,9.793560542844872
23027,2024,50.38201352964584,41.308987710921826,3.7210800964103363,57.62611236478624,93.87091936209569,6.3619,0.4062,19.10728985639806,4.053975804640893,8.691012289078174
26021,2024,45.35910425149133,32.682463911621994,3.4868386622422074,0.004314874311427546,75.00831100768524,6.179,1.52261,17.163236125428124,-5.445687083161238,17.317536088378006
26083,2024,42.83054003724395,33.711631712933084,3.5178429324925817,194.854540014825,95.9639126305793,5.7103,0.02172,24.74916387959866,5.2722533315637,16.288368287066916
27071,2024,36.30873471792606,46.35372403502883,3.8363016347396153,91.00772849549143,90.23430962343096,6.3035,0.11751,13.711728206693113,4.510944431432511,3.646275964971167
29099,2024,30.981276296159717,31.748016125157598,3.457830239139474,34.37989262354501,90.00644095571514,7.8297,2.3123,15.425776395753301,3.5374718767254225,18.251983874842402
29183,2024,40.77801261020666,28.77761039603663,3.359597667992464,17.79177440105836,85.04575067711002,9.8925,4.16659,25.514088425738567,2.8787362381911525,21.22238960396337
29189,2024,60.794091554646755,14.249287586217845,2.6567069115152955,8.288922884513395,62.96715491793245,7.9609,9.87059,25.932072146126956,2.1149200312138863,35.75071241378215
29510,2024,81.23951802255075,3.5924785891501645,1.2788423790785897,8.873968067730361,45.711663579078085,5.2278,2.81754,22.012568077084207,2.1831220545425762,46.40752141084984
30029,2024,31.773835920177383,29.27758596310622,3.376822239078977,87.37360239562472,91.41869150260501,6.6395,1.13679,22.78663020931548,4.470193204953939,20.72241403689378
30035,2024,57.758960220559274,36.6865396711185,3.6024099213307217,122.83935616956249,30.474732006125578,4.627,0.13609,9.276745875272388,4.810877454347249,13.313460328881497
30109,2024,13.003663003663005,41.230469004719986,3.7191775219808134,154.81204989098745,93.6411149825784,5.6317,0.0091,19.854721549636803,5.0422117997991664,8.769530995280014
32033,2024,20.294185244771317,48.7790758174845,3.8873014466772706,122.20662815029664,77.46160794941282,6.7639,0.08522,10.294117647058822,4.805713285449009,1.2209241825155033
35013,2024,17.92866314626826,41.56022235787661,3.727143516502484,0.060655580629780506,48.8728486680351,5.2011,2.2521,16.479880142036404,-2.8025436341436176,8.439777642123389
35015,2024,7.185902379116328,26.897587709016776,3.292036606341909,97.85716495604689,64.86402460974571,6.5063,0.60275,12.081249723414613,4.583508915035103,23.102412290983224
35035,2024,11.825823342979193,36.13441317052172,3.587245684683931,66.28773998976928,60.02344837693266,5.2787,0.68835,12.796868530994768,4.194004962894474,13.865586829478282
37039,2024,5.169995511669659,45.462476035265496,3.8168872831810576,34.11532694335841,91.21827585025859,5.1607,0.29959,15.531880153481916,3.5297467537875917,4.537523964734504
37043,2024,6.143245341614907,40.32249842903261,3.696909586849131,51.39399680541346,93.10859450443333,5.7698,0.11864,19.70030388766635,3.939521371971209,9.677501570967387
37075,2024,4.388993513287299,25.533742162190805,3.2400007995243043,49.600038424525906,85.2381544584007,5.0301,0.08052,9.935995123437976,3.903991608418604,24.466257837809195
37087,2024,9.18932128609548,29.59016868729418,3.3874421672168955,17.143329924742268,91.86474884674526,6.2374,0.62969,17.500048735793516,2.8416091722897394,20.40983131270582
37099,2024,11.104274906571872,29.677582696156453,3.3903919694350217,33.9822325925223,79.486643923043,5.8491,0.44574,15.681140851739409,3.5258378172202822,20.322417303843547
37113,2024,7.608051427008297,31.500653192654987,3.450008281891355,52.46295882490886,88.64465936642422,5.3832,0.38412,15.109246976199767,3.9601073743905166,18.499346807345013
37115,2024,9.342192203215623,48.568770312824036,3.882980738203593,17.835377143643402,92.0286506469501,5.4137,0.22071,19.741118457917743,2.881183964852675,1.4312296871759642
37173,2024,9.369682359614293,7.988180831224381,2.077963053157174,43.716899469162556,61.15179523640242,5.5462,0.13916,11.098951208390332,3.777734742887839,42.01181916877562
37175,2024,10.794032723772858,48.085370676165894,3.8729779869039103,28.45618583885401,89.26691333513823,6.2173,0.33549,22.30997391273273,3.3483655653689253,1.914629323834106
38007,2024,14.374034003091191,10.846447967231827,2.3838376500951544,114.48953471564981,98.83966244725738,8.5947,0.01034,18.56594110115237,4.740483418953752,39.153552032768175
38025,2024,14.80820695807315,40.06047893879326,3.690390285702732,88.07127269980992,82.11723967350977,8.249,0.04019,15.3667441088616,4.4781464037156775,9.93952106120674
38033,2024,12.31079717457114,25.529342010883624,3.2398284577478793,135.74298110615993,91.2447885646218,6.4823,0.01743,13.292589763177997,4.910763252918644,24.470657989116376
38053,2024,14.653142546640103,39.01593992607439,3.663970278681181,132.7478838706222,80.09803921568628,8.4206,0.14252,18.667888787045523,4.88845171928405,10.984060073925612
38089,2024,16.37748344370861,44.35249173177271,3.7921688905318773,78.95579190629995,86.74960744051215,8.6963,0.33001,19.094364843978447,4.3688880997118895,5.647508268227291
39005,2024,24.543374714023177,46.48648899729839,3.839161711174924,14.73939885875918,95.05124674927336,6.2037,0.5219,13.631536048608195,2.6905241029416977,3.5135110027016125
39035,2024,65.28550614029001,26.848344629583615,3.290204166524804,3.5326527105634247,58.73414661866565,6.0808,12.33088,20.043839881587957,1.2620490648087233,23.151655370416385
39055,2024,37.53415673844136,26.35965617227915,3.271834666008994,25.578379056187494,93.69704332889955,10.1636,0.95407,22.974104177355333,3.241747426519252,23.64034382772085
39085,2024,42.37394908966472,48.263443885193695,3.8766744187198836,30.61964919029076,86.9160408615215,7.6163,2.3164,19.1882136201024,3.421641933282482,1.7365561148063051
39093,2024,46.66901457168552,32.69060777334149,3.487087812589643,27.127806923545155,79.5497603214363,6.7124,3.1791,16.719131427271655,3.3005592875591847,17.30939222665851
39099,2024,44.92790914333881,44.32387030831716,3.791523365077495,18.997010014942063,76.02647723319079,5.4774,2.25596,16.15831076225748,2.9442815991482267,5.6761296916828385
39103,2024,37.153533560652065,19.73325840323555,2.9823054560813076,28.589521040000434,92.70523193243339,8.9108,1.84042,22.88101315257263,3.3530402534831696,30.26674159676445
39133,2024,41.764592795520635,20.270721033995798,3.0091775313160043,7.992269635672876,87.53693757317821,7.2965,1.62665,17.33662239089184,2.078474778974439,29.729278966004202
39151,2024,38.59538636104521,32.60188071429005,3.484369977331016,8.777504233250912,85.29071820721097,6.4557,3.72716,15.497338582193255,2.1721921113446876,17.398119285709953
39153,2024,53.004521678101845,9.460165434180578,2.24708987066781,9.603741880298312,74.99660835515446,6.6034,5.35733,21.383857422172984,2.2621528017273533,40.53983456581942
39155,2024,41.18634235279493,42.036453714224564,3.7385371874131894,11.355311146064693,85.95450098576232,5.4406,2.00373,13.11461050945651,2.4296855768610714,7.963546285775436
39169,2024,29.911571025399812,34.26104528126754,3.5340090026835385,33.82009802901004,93.21717059116088,7.0121,1.1651,13.88757088953659,3.5210552420176833,15.738954718732458
41029,2024,45.21543505168434,46.25825304140204,3.834239892177595,0.052400817171421026,82.93247305257387,6.8239,2.20768,17.59707298895031,-2.948833092902292,3.7417469585979575
41035,2024,27.751654230606785,30.345903162877235,3.4126615219978866,57.04099828829745,79.61525239213888,5.4961,0.70003,12.41928107564255,4.043770277500882,19.654096837122765
45009,2024,8.141401977018417,44.06705481079202,3.7857124468224557,55.828354574777144,37.82285019750836,3.7952,0.12974,9.113805970149254,4.022281886825934,5.932945189207977
45017,2024,6.027293404094011,8.35283441831367,2.1226009325572583,28.62889387636223,55.215547703180214,5.5642,0.14186000000000001,14.2372586536789,3.354416483238353,41.64716558168633
45027,2024,6.1834733893557425,31.475077334743894,3.449196036948644,19.53812940371854,50.08216000257757,4.6202,0.31004,10.57315770736917,2.9723679103902354,18.524922665256106
45039,2024,7.9956690656646066,46.402673888575016,3.837357084480787,21.3550571377729,38.70594474711923,5.0743,0.20422,9.856990899420873,3.0612885799055327,3.5973261114249837
45055,2024,5.038107450656283,39.116291609205845,3.6665390454075624,31.276399888112834,67.69469846392924,6.1015,0.69905,13.014191990966964,3.4428638159623706,10.883708390794155
45061,2024,7.968937946649684,38.661860600282246,3.6548535998927267,18.77293745471745,33.95590936925903,4.1583,0.15967,8.323900083012603,2.9324163356751107,11.338139399717754
45063,2024,4.649812655775774,30.834448707045432,3.4286325294785507,18.790243301263825,73.38282784565703,7.3022,3.09528,19.82720540470313,2.9333377617856002,19.165551292954568
45075,2024,8.822597472854438,24.65665203797344,3.2050467236358346,41.31363085964946,34.332164106738816,4.2209,0.8282,9.329993738259237,3.72119249054194,25.34334796202656
45079,2024,9.484860327188915,18.023884645257848,2.8916978030460943,9.235388650902612,41.27171771449042,6.101,4.25138,21.33987167288785,2.2230426973246997,31.976115354742152
45085,2024,7.408520193554509,22.83653332228563,3.128361592282167,0.0038797879862605277,45.14987649375793,5.6937,1.04165,13.203338429534575,-5.551974769556281,27.16346667771437
46033,2024,26.112314614230964,6.792804536783472,1.915863895584002,44.85682712067086,90.85885332719319,7.5336,0.09117,19.454836985569216,3.803475798117009,43.20719546321653
46033,2024,26.112314614230964,48.4007270253741,3.8795148347951844,44.85682712067086,90.85885332719319,7.5336,0.09117,19.454836985569216,3.803475798117009,43.20719546321653
46047,2024,24.099204492278893,23.946627743646403,3.1758275099199924,72.85593882933227,85.02576960579468,5.6976,0.07393,14.197116996312436,4.288484050654595,26.053372256353597
46071,2024,31.620903454384415,42.697970022844466,3.7541513786558887,71.9928906150707,36.19957537154989,4.519,0.02776,8.774745853397539,4.276567372683445,7.302029977155534
46103,2024,35.438317426652524,42.45519940711445,3.7484493883455947,13.429510787204386,80.33475789830568,6.7573,1.15903,20.148688648723066,2.5974545830067712,7.544800592885551
46103,2024,35.438317426652524,27.863679198972267,3.327324019897089,13.429510787204386,80.33475789830568,6.7573,1.15903,20.148688648723066,2.5974545830067712,7.544800592885551
47009,2024,25.517161678030742,24.093425592248966,3.181939006278621,27.23914263060636,90.41285835626184,6.9713,1.41456,16.36606001251394,3.304655006138631,25.906574407751034
47029,2024,15.418502202643172,31.39634310421391,3.4466914244827844,19.213845889760794,93.53203846259211,4.5361,0.37404,7.723058896508943,2.955631159228868,18.60365689578609
47057,2024,12.866127583108716,46.65028609538644,3.842679060080259,13.38668227281687,96.02574282251662,5.1951,0.24681,8.303380736573423,2.5942603525127574,3.3497139046135587
47063,2024,20.124700992117955,44.86987917662018,3.803766727241235,9.85345634831724,82.09764361620206,5.6734,0.66216,11.24220837043633,2.2878222919399036,5.130120823379819
47089,2024,17.443346891342244,31.312676972447527,3.4440230306438036,5.5242862652701765,91.7184561654876,6.0785,0.57838,12.078452254171104,1.7091540563024763,18.687323027552473
47093,2024,39.44578660801212,35.89863705770389,3.58069932980708,11.67506535353459,81.21998108333794,7.0013,5.00669,23.15050191564906,2.4574554012724494,14.101362942296113
47105,2024,22.960643199132765,45.898543797886724,3.826433391026997,23.704075926462348,88.43427608955014,7.9683,0.60591,17.022384174908904,3.1656470133737256,4.101456202113276
47111,2024,12.358463176231492,46.808433006666476,3.8460633791410297,41.17234475507202,90.33458690342341,5.6817,0.26793,7.145442324595419,3.717766787161559,3.191566993333524
47123,2024,16.162702145768936,43.516820928896585,3.773147551370705,31.90129942378731,89.0062481404344,5.6047,0.48594,9.757861466759522,3.462646743249184,6.4831790711034145
47155,2024,18.926540823288608,12.650778109406426,2.5377187239068424,24.057622075538205,87.73202971599765,5.953,0.99415,13.6747542997543,3.1804518725590696,37.349221890593576
48043,2024,37.21057230231542,35.19483995803548,3.5608994797571145,147.19323352597743,75.42265426880812,5.2388,0.09513,25.341155464864173,4.991746237344045,14.80516004196452
48109,2024,34.05889884763124,47.760870153431746,3.866206688211337,60.902019075238414,46.217331499312245,5.216,0.02196,14.502923976608187,4.109266328111073,2.239129846568254
48109,2024,34.05889884763124,39.437564061392024,3.6747187646777233,60.902019075238414,46.217331499312245,5.216,0.02196,14.502923976608187,4.109266328111073,2.239129846568254
48229,2024,16.329479768786126,43.50838529489815,3.7729536849177334,10.056863188820365,36.5956169318523,3.9582,0.03451,8.67178924259056,2.3082553057922426,6.491614705101853
49017,2024,19.245819992885092,44.366855572566315,3.7924926945578434,119.2088028634888,94.70019342359768,6.6786,0.05314,20.795258088416894,4.78087660143042,5.633144427433685
49017,2024,19.245819992885092,26.42338470298862,3.274249402281069,119.2088028634888,94.70019342359768,6.6786,0.05314,20.795258088416894,4.78087660143042,5.633144427433685
49019,2024,53.35849056603773,17.89682456013751,2.8846232982346685,59.28359115772011,84.10848716097762,6.7218,0.09706,20.894956389836935,4.082332558736635,32.10317543986249
49021,2024,20.385250017935288,41.55230915899607,3.7269530951843017,41.61310821594486,87.82578362485674,6.6499,0.64211,18.190167849188306,3.7284152189780433,8.447690841003933
49025,2024,25.334224598930483,26.287709473646213,3.2691015095618328,88.82110551723046,90.78289144572285,6.6609,0.08425,22.21503637833468,4.486624296501543,23.712290526353787
49037,2024,40.780534049612896,43.08441768006029,3.7631613929931125,112.97712061345385,46.654223696944555,5.0452,0.14358,12.058710667689947,4.727185325764716,6.915582319939709
49053,2024,22.95693838940528,26.27369502704947,3.2685682495752713,0.015255226742890968,85.89399821943138,7.5572,2.02452,18.784909838880363,-4.182833097410955,23.72630497295053
49055,2024,23.076923076923077,17.92333290271687,2.886103378128009,132.24121914399572,94.52483378959718,6.3705,0.02614,17.884517118037813,4.884627672647493,32.076667097283135
51003,2024,66.34551992807911,32.9444853770536,3.4948238835745915,11.927188472211162,76.56377822541629,9.4727,1.15676,27.733394702523807,2.4788205396190057,17.055514622946397
51015,2024,25.785224882979445,42.71520601468454,3.7545549695975593,0.2795436745459567,90.03898961563702,7.7487,0.78247,14.909948406292534,-1.2745967390380404,7.28479398531546
51047,2024,36.97334780933702,27.64836630476719,3.319566641404221,35.99520131638744,68.41103000205365,9.4287,0.54973,16.843468300214155,3.5833856328042906,22.35163369523281
51061,2024,38.57466825336237,39.74222863327344,3.6824143159053646,20.162881743353108,81.01034692635423,12.0301,0.75165,23.920876015542213,3.003843376606408,10.257771366726558
51065,2024,46.35447895431107,46.07908711695711,3.830359205361475,16.2254454043595,76.70364500792392,8.8162,0.28462,21.023798832510103,2.7865807139458427,3.920912883042888
51079,2024,37.01611563382622,13.417175840219825,2.5965356653001863,26.285058798904295,79.94244604316548,8.2772,0.21301,17.57458252548627,3.269000671244534,36.582824159780174
51109,2024,36.47733410894586,44.46517646789822,3.794706331535918,34.56756392667651,77.250589562186,7.2569,0.41037,15.124160750425647,3.542915783607819,5.5348235321017825
51113,2024,31.99431212228937,11.495494144149774,2.441955145038025,32.657521042165534,84.68164525159716,7.1697,0.14128,13.582906903671784,3.4860751827071046,38.504505855850226
51137,2024,37.19153144244168,29.58693976686431,3.3873330398696013,41.33920954822264,77.2307030746076,8.139,0.38574,17.464711712635427,3.721811433321487,20.41306023313569
51139,2024,22.52668231019605,8.965329072879284,2.1933648127837992,22.46374131339356,92.50526315789473,6.0061,0.23741,8.980085124270927,3.111902512169615,41.034670927120715
51157,2024,40.512107979356884,21.666467634403876,3.0757657950808985,39.3347232098157,86.01700634363611,8.5575,0.07414,19.124877089478858,3.6721076710160307,28.333532365596124
51165,2024,30.948313126530948,21.808416671710525,3.0822959811413573,0.09463547044214575,88.11173131615902,7.2921,0.86568,15.768408605084822,-2.3577229213814492,28.191583328289475
51171,2024,28.359310910582447,26.02178210935494,3.2589339607219228,29.339298551262157,86.93479722159982,6.5289,0.45228,12.054958524557453,3.3789278648374346,23.97821789064506
51177,2024,45.12997260412327,48.33684660533888,3.8781941394971136,45.583487696661294,65.17070254941756,9.6322,1.49588,19.22814585407219,3.8195455390266666,1.6631533946611228
51187,2024,30.62807499667568,32.51081379890861,3.4815727662666958,28.74349216857863,83.65609186453872,7.9949,0.41843,13.91870927707105,3.358411382266427,17.489186201091393
51540,2024,83.40127880530403,31.524557614049137,3.450766848891273,13.882757410448695,68.03305496805704,6.7903,0.44983,27.200603475184682,2.6306475960433864,18.475442385950863
51660,2024,61.704841983183535,22.087773679809278,3.095024228279148,5.163289796953397,66.51130272663714,5.6057,0.51082,16.026797217212057,1.6415739338891087,27.912226320190722
51790,2024,55.97994396106769,39.65902082648979,3.680318433590946,3.6674992971842246,80.06598098195225,6.1917,0.25915,18.446322258498178,1.299510039401505,10.340979173510213
51820,2024,46.47862338123115,37.84780151478552,3.633572894042889,13.863705585484981,75.57809869761672,5.8527,0.23182,14.940227649716867,2.629274316288006,12.152198485214477
53009,2024,52.27791134948524,24.75747128422695,3.209127313530873,67.4577206583489,82.81159382934028,6.6693,0.77616,17.275808936825886,4.211501041015668,25.24252871577305
53027,2024,45.40787976609425,46.6115738847586,3.8418488769194368,48.76420746511024,80.89322879170649,6.2258,0.7729,11.223087494273935,3.8869965901666212,3.3884261152414012
53031,2024,70.68993440764434,4.407542371305842,1.483317248699344,43.82433008464496,86.69288265842164,6.9176,0.33714,23.018189222207138,3.7801891445443134,45.592457628694156
53033,2024,73.64922839588077,44.327816360434284,3.791612388812249,5.094180159048542,56.73759774217941,11.6044,22.7138,31.657332704704583,1.628098742843638,5.672183639565716
53035,2024,58.47506247131419,48.144597176844364,3.8742089237831014,0.022156884757444217,76.47452283417877,9.3794,2.77658,21.518398605598378,-3.809607006522999,1.8554028231556359
53041,2024,31.83422294763774,37.749091986912006,3.6309614220789137,30.12757583817585,83.58653559725946,6.7954,0.86154,12.494297965514095,3.405440893157163,12.250908013087994
53045,2024,46.92142058927744,38.65298540146558,3.6546240140029624,31.888851840750764,78.32098912913631,7.8029,0.68389,13.544625782134833,3.4622564766344235,11.347014598534422
53053,2024,53.498445110229966,23.60170076325111,3.1613187756743715,33.367985851797016,65.8878959773013,9.2793,9.28696,18.05128320747618,3.50759693288943,26.39829923674889
53057,2024,52.60191300387156,31.390287213085923,3.446498520639525,0.06841263056156474,76.84173395599929,7.9118,1.31417,16.897601197942492,-2.682197814067881,18.609712786914077
53073,2024,60.416485333797546,31.22033503257417,3.4410696463741695,0.11853846666173108,78.72889962877355,7.8796,2.31919,22.016804001877905,-2.132517757903245,18.77966496742583
54031,2024,20.23085322102636,41.16549834224786,3.717600486646938,27.76078282829409,89.97611688676595,5.3876,0.14251,8.196014148908635,3.323624335107497,8.834501657752142
54071,2024,19.854014598540147,48.86431182979721,3.889047310601428,27.926524354696824,94.87808869252167,5.2553,0.06029,14.300121016538927,3.3295769309209944,1.1356881702027906
56029,2024,19.46485098250015,47.52889485210308,3.861337838769294,96.89979557909075,90.13916104819157,6.9802,0.30735,20.826869051113253,4.573677409287589,2.471105147896921
56039,2024,65.84374529580009,9.79529036980026,2.281901695653409,93.93511527342596,80.45637468961384,12.7677,0.23232,39.61365166502667,4.542604280880121,40.204709630199744
56039,2024,65.84374529580009,46.00436763683414,3.8287363406085886,93.93511527342596,80.45637468961384,12.7677,0.23232,39.61365166502667,4.542604280880121,40.204709630199744
